Title,Rem,Date,Master
THE PSYCHIC HANDBOOK (00),1,26/09/2025,SHR189
THE FERMATA (030),1,26/09/2025,TFT147
DIDO AND PA (00),1,26/09/2025,SKR807
DID YOU SPOT THE GORILLA? (021),1,26/09/2025,SYX258
SEND ME NO FLOWERS (016),1,26/09/2025,TAZ835
THE PRICE OF CIVILIZATION (010),1,26/09/2025,SWK981
THE NATURE OF THE GODS (031),1,26/09/2025,SRG979
"COMPLETE PLAYS, LENZ AND OTHER WRITINGS",1,26/09/2025,SKG652
ENGLAND: THE AUTOBIOGRAPHY (019),1,26/09/2025,SQU610
FERN (012),1,26/09/2025,SKX052
THE SAD END OF POLICARPO QUARESMA (006),1,26/09/2025,SJP386
ONE BIG DAMN PUZZLER (00),1,26/09/2025,SLG015
UNDERDOGS (004),1,26/09/2025,TFP031
THE WAITING HOURS (008),1,26/09/2025,SVC241
MADE FOR LOVE (002),1,26/09/2025,TFS937
THE LIGHT BEYOND (00),1,26/09/2025,SHR188
SECRETS FROM THE AFTERLIFE (00),1,26/09/2025,SKD114
EARTH MEDICINE POD (00),1,26/09/2025,SA7037
FOUNDED ON FEAR (00),1,26/09/2025,SLC748
FEAR OF THE COLLAR (00),2,26/09/2025,SHD606
THE TASTE OF ASHES (00),1,26/09/2025,SHZ344
THE ROMANCE OF TRISTAN (039),2,26/09/2025,SLZ903
SUPERTEAMS (003),1,26/09/2025,SRQ735
DATING GAME (00),1,26/09/2025,SJZ025
LEMONADE MOUTH (00),4,26/09/2025,SKQ773
THE SUNKEN ROAD (002),1,26/09/2025,TFX740
DELIRIUM (018),1,26/09/2025,SZF093
MYSTICISM AND THE NEW PHYSICS (032),1,26/09/2025,SKU359
THE ROMANCE OF TRISTAN (039),1,26/09/2025,SLZ903
LIVES OF THE LATER CAESARS (037),1,26/09/2025,SJW362
THE GUN (007),1,26/09/2025,SKN053
THE PENGUIN GUIDE TO THE 1000 FINEST,1,26/09/2025,SKX442
THE RITUALS OF DINNER (002),1,26/09/2025,SPN153
SAINT JACK (003),1,26/09/2025,SDR136
SUPERTEAMS (003),1,26/09/2025,SRQ735
GARDEN OF DESIRES (00),1,26/09/2025,SJQ984
DATING GAME (00),1,26/09/2025,SJZ025
LEMONADE MOUTH (00),2,26/09/2025,SKQ773
BEACH MUSIC POD (00),1,26/09/2025,SA8574
INTRODUCTION TO ZEN BUDDHISM (00),2,26/09/2025,SHR179
THE SUNKEN ROAD (002),1,26/09/2025,TFX740
BOSNIAN CHRONICLE (00),1,26/09/2025,SL9164
STAR WARS: THE NEW JEDI ORDER - STAR BY,1,26/09/2025,SRA998
MY LOSING SEASON POD (00),1,26/09/2025,SA5638
LONELY HEARTS (012),1,26/09/2025,TDF705
CHEATING AT CANASTA (007),1,26/09/2025,SHB118
ANGLO REPUBLIC (008),1,26/09/2025,SRQ715
JOEY PYLE: NOTORIOUS - THE CHANGING FACE OF ORGANISED CRIME (00),3,26/09/2025,SMF691
DON'T LET HIM IN (002),6,26/09/2025,TDD302
THE BOY IN THE ATTIC (00),1,26/09/2025,SMU894
HARVILL BOOK OF 20TH CENTURY POETRY (00),1,26/09/2025,SLL142
THEAETETUS (026),1,26/09/2025,SJP003
AGAINST THE CURRENT (00),1,26/09/2025,SKM100
BLONDEL'S SONG (002),1,26/09/2025,SP8929
UNDER THE WEATHER (00),1,26/09/2025,SMF382
THIRTY-TWO TALES OF THE THRONE OF,1,26/09/2025,SFP869
NIXON AND KISSINGER (008),1,26/09/2025,SLW859
SINGLED OUT (015),1,26/09/2025,TDJ631
AMERICAN PRINCE (013),1,26/09/2025,TFN145
BECOMING QUEEN (013),1,26/09/2025,SSL865
THE INTERCEPTOR (004),1,26/09/2025,SLK068
STAR WARS: SCOURGE (00),1,26/09/2025,SMG407
ACROSS THE LAND AND THE WATER (003),1,26/09/2025,SLK056
THE SMILER WITH THE KNIFE (00),1,26/09/2025,SB5192
A HOLOGRAM FOR THE KING (013),1,26/09/2025,TDS401
SIGNIFYING RAPPERS (005),1,26/09/2025,SPN177
THE BISCUIT GIRLS (015),1,26/09/2025,TFF368
THE MINISTRY OF GUIDANCE INVITES YOU TO,1,26/09/2025,SWB134
THE AUTOBIOGRAPHY (009),1,26/09/2025,TFN742
THE WAITER (004),3,26/09/2025,TBW206
WILLIAM BURROUGHS (00),1,26/09/2025,SKV251
THOUSAND ROOMS OF DREAM AND FEAR (00),1,26/09/2025,SMP491
AFTER YOU WITH THE PISTOL (005),1,26/09/2025,SMJ770
ALL QUIET ON THE WESTERN FRONT (020),1,26/09/2025,SSC467
ANDALUS (00),1,26/09/2025,SG4670
FARTHING WOOD:STORY CONTINUES (00),1,26/09/2025,SA5070
BETRAYAL (002),2,26/09/2025,SPG462
BILL BAILEY OMNIBUS (00),2,26/09/2025,SGZ337
BYZANTIUM (024),1,26/09/2025,SJN652
CALLANETICS FOREVER FIT (00),1,26/09/2025,SH5911
CENTURIES OF CHILDHOOD POD (00),2,26/09/2025,SA4879
CLINGING TO THE WRECKAGE (009),1,26/09/2025,SZE295
THE COMPLETE POEMS WILLIAM EMPSON (03),1,26/09/2025,TV8626
THE CONSEQUENCES OF LOVE (00),2,26/09/2025,SJL779
DAPHNIS AND CHLOE (030),2,26/09/2025,SKQ357
DOCTOR WHO AND THE ARK IN SPACE (00),1,26/09/2025,SHQ811
DOCTOR WHO AND THE LOCH NESS MONSTER (00),2,26/09/2025,SHQ995
DOCTOR WHO: VENGEANCE ON VAROS (00),1,26/09/2025,SJY551
EARLY FICTION IN ENGLAND (003),1,26/09/2025,SKN046
EARTH AND ASHES (00),1,26/09/2025,SMP488
THE FALL OF PARIS (014),1,26/09/2025,SLD243
FALLING SLOWLY (002),1,26/09/2025,SPN170
FOREVER IN BLUE (00),1,26/09/2025,SKR795
FORGOTTEN WARS (010),2,26/09/2025,SJP520
THE GEORGICS: A POEM OF THE LAND (009),1,26/09/2025,SJQ087
GHOST MILK (002),1,26/09/2025,SGW345
GIVE ME EVERYTHING YOU HAVE (002),1,26/09/2025,STQ751
THE GOOD STORY (002),2,26/09/2025,SRX617
HASHISH (004),1,26/09/2025,SKN147
THE HEART OF MID-LOTHIAN (023),2,26/09/2025,SJC927
HEREWARD: THE IMMORTALS (008),2,26/09/2025,TFK656
HOLY FOOLS (00),2,26/09/2025,SLH562
THE HUNDRED-YEAR HOUSE (007),1,26/09/2025,STT824
I NEVER KNEW THERE WAS A WORD FOR IT,1,26/09/2025,SKM671
I WAS A STRANGER POD (00),1,26/09/2025,SA4883
INCIDENTS IN THE RUE LAUGIER (001),2,26/09/2025,SBX252
JOHN DALY: THE BIOGRAPHY (00),1,26/09/2025,SJQ926
KILLZONE: ASCENDANCY (005),2,26/09/2025,SDE348
KING JESUS (001),1,26/09/2025,TZ8397
LAST ORDERS PLEASE (00),1,26/09/2025,SA6900
LICKS OF LOVE (007),2,26/09/2025,TX3051
MORETA - DRAGONLADY OF PERN (00),1,26/09/2025,SKV558
ONCE & THEN (014),5,26/09/2025,TCU610
PARIS (015),2,26/09/2025,SQU633
PIERS THE PLOUGHMAN (035),2,26/09/2025,SKM649
PLAIN TALES FROM THE HILLS (017),1,26/09/2025,SWT310
"RAINY BRAIN, SUNNY BRAIN (008)",1,26/09/2025,TFD132
REAPPRAISALS (016),2,26/09/2025,SWK948
REIVERS THE POD (00),1,26/09/2025,SA6178
THE RUNNING SKY (012),1,26/09/2025,TBN747
SADDLE CLUB BOOK 2: H ON DEMAND (00),2,26/09/2025,SA4927
SADDLE CLUB BOOK 3: H ON DEMAND (00),1,26/09/2025,SA7008
SELECTED POEMS (003),1,26/09/2025,SMJ484
SELECTED POEMS (012),1,26/09/2025,SE4171
SEX WITH STRANGERS (00),1,26/09/2025,SMD331
SLEEPING WITH THE ENEMY TV POD (00),2,26/09/2025,SA5607
SPRING TORRENTS (024),2,26/09/2025,SD3055
STUFF I'VE BEEN READING (002),1,26/09/2025,SKK853
THE FIRST POEMS IN ENGLISH (015),2,26/09/2025,SMW814
"THEY FIGHT LIKE SOLDIERS, THEY DIE LIKE",1,26/09/2025,SRP407
TRANSMISSION (013),2,26/09/2025,TAL949
WE ARE ANONYMOUS (010),2,26/09/2025,SYW035
YEVTUSHENKO: SELECTED POEMS (012),2,26/09/2025,SKN160
COLLECTED STORIES RENDELL (00),1,26/09/2025,SMF388
COLLECTED STORIES 2 (008),1,26/09/2025,SRF379
WHO'S CRAZEE NOW? POD (00),1,26/09/2025,SA5241
THE REAL MCRAE (020),2,26/09/2025,SZP789
SECRETS OF THE BABY WHISPERER FOR,1,26/09/2025,TDJ647
HEAVEN KNOWS I'M MISERABLE NOW (00),1,26/09/2025,SHD537
HEAD ON - IAN BOTHAM: THE AUTOBIOGRAPHY,1,26/09/2025,TFN143
FALLING AND LAUGHING (00),1,26/09/2025,SKD016
TEXTBOOK OF DENTAL HOMOEOPAT POD (00),1,26/09/2025,SA6934
BOARDWALK EMPIRE (00),1,26/09/2025,SMF692
A MOTHER'S GIFT (014),1,26/09/2025,SPF925
THE BLISSFUL TODDLER EXPERT (007),1,26/09/2025,TDJ649
HILLSBOROUGH VOICES (007),1,26/09/2025,TFN141
THE FERMATA (030),1,26/09/2025,TFT147
CHAUCER (011),1,26/09/2025,STQ750
SHORT & BLOODY HIST OF HIGHWAYMEN (00),1,26/09/2025,SA6928
PECULIAR TRIUMPH PROFESSOR BRANESTAWM (00),1,26/09/2025,SA4535
KING'S BISHOP (023),1,26/09/2025,STZ126
TRAGICALLY I WAS AN ONLY TWIN (029),1,26/09/2025,STG314
YOU ARE NOT A STRANGER HERE? (014),1,26/09/2025,SQA849
THE DEVIL'S DOCTOR (017),1,26/09/2025,TDF693
THREE JUNES (00),1,26/09/2025,SJC648
DID YOU SPOT THE GORILLA? (021),1,26/09/2025,SYX258
HOLLYWOOD ANIMAL (00),1,26/09/2025,SHZ350
THE ANATOMY LESSON (024),1,26/09/2025,TFS172
THE ROSARY GIRLS (035),1,26/09/2025,SVD622
THE HEART OF THE LION (015),1,26/09/2025,SVJ811
HARNESSING PEACOCKS (022),1,26/09/2025,TFX600
SEND ME NO FLOWERS (016),1,26/09/2025,TAZ835
SUCH SWEET SORROW (016),1,26/09/2025,SVM972
EVERY LAST ONE (015),1,26/09/2025,SVK674
CANDY POD (00),1,26/09/2025,SA6181
"IVORY, APES & PEACOCKS (008)",1,26/09/2025,SQQ229
"CONQUESTS, CATASTROPHE AND RECOVERY",1,26/09/2025,SQA816
COLDBROOK (00),1,26/09/2025,SND698
WOUNDED (012),1,26/09/2025,TFX589
ALWAYS IN MY HEART (012),1,26/09/2025,SZB438
WASTED YEARS (00),1,26/09/2025,SMH473
NEVER ANY END TO PARIS (009),1,26/09/2025,SWA865
AFTER BIRTH (002),1,26/09/2025,SSC473
BARRYTOWN TRILOGY (00),4,26/09/2025,SKX418
PLAGUED BY FIRE (002),1,26/09/2025,TBN746
THE CLASSIC SLUM (036),1,26/09/2025,SWU469
DAUGHTERS OF ISIS (030),1,26/09/2025,SRQ728
THE COUNTERFEITERS (021)[POD],1,26/09/2025,SKX440
MYSTICISM AND THE NEW PHYSICS (032),9,26/09/2025,SKU359
HIDDEN LIVES (27),1,26/09/2025,TW7690
HATCHEPSUT (026),1,26/09/2025,SHW647
ROXANA (032),1,26/09/2025,SJP215
THE FIRST POEMS IN ENGLISH (015),1,26/09/2025,SMW814
THE WITHERED ARM AND OTHER STORIES,1,26/09/2025,SLY201
THE NATURE OF THE GODS (031),1,26/09/2025,SRG979
THE DHAMMAPADA (052),1,26/09/2025,SMU587
EARLY WRITINGS (038),1,26/09/2025,SJP217
VIRGIL'S AENEID (022),1,26/09/2025,SJH651
CANZONIERE (011),2,26/09/2025,SM9862
THE HISTORIES (015),1,26/09/2025,SKR256
THE HITOPADESA (011),1,26/09/2025,SLJ232
THATCHER AND SONS (008),1,26/09/2025,SKV395
THE IMPRESSIONIST (002),1,26/09/2025,SSE652
FORGOTTEN WARS (010),1,26/09/2025,SJP520
THE GUN (007),1,26/09/2025,SKN053
THE UNAUTHORIZED VERSION (013),1,26/09/2025,SKM617
THE OWL KILLERS (007),1,26/09/2025,SLV897
THE ENGLISH PRISONER (004),1,26/09/2025,SM9030
REDIRECT (007),1,26/09/2025,SKN237
FREEFALL (015),1,26/09/2025,SYB100
ENEMIES (011),1,26/09/2025,SWR077
ONCE THERE WAS A WAR (008),1,26/09/2025,SE5912
WAITING PERIOD (003),1,26/09/2025,SKM773
LIVEFOREVER (004),1,26/09/2025,SRJ999
WIFE TO MR MILTON (001),1,26/09/2025,TZ8394
THE BOOK OF DEDE KORKUT [POD],1,26/09/2025,TZ7207
THE CHOCOLATE BOX SECRETS (004),1,26/09/2025,TCR855
THE CLUB (012),1,26/09/2025,SRQ734
THE PENGUIN GUIDE TO THE 1000 FINEST,1,26/09/2025,SKX442
A LIFE IN LETTERS (002),1,26/09/2025,SBJ948
DISCOVERIES (005),1,26/09/2025,SYV918
QUITE PLEASE (00),1,26/09/2025,SU3576
LOVE GOES TO BUILDINGS ON FIRE (002),1,26/09/2025,SJE202
HOW TO BE MORE INTERESTING (006),1,26/09/2025,TCD489
"SMALL MOVE, BIG CHANGE (002)",1,26/09/2025,SWT261
THE RITUALS OF DINNER (002),1,26/09/2025,SPN153
MICHAEL O'LEARY (002),1,26/09/2025,TCU175
TRISS (001),1,26/09/2025,SRM327
DOOMWYTE (001),1,26/09/2025,SRM353
THE TEMPLAR THRONE (010),1,26/09/2025,SXH985
KILLZONE: ASCENDANCY (005),1,26/09/2025,SDE348
AFTER YOU (008),1,26/09/2025,SWT398
IN TROUBLE AGAIN (002),1,26/09/2025,SU3992
EXPOSURE (008),1,26/09/2025,SSY845
THE SILENCE IN THE GARDEN (003),1,26/09/2025,STX025
LEWIS PERCY (002),1,26/09/2025,SHS543
WE ARE ANONYMOUS (010),1,26/09/2025,SYW035
MORETA - DRAGONLADY OF PERN (00),1,26/09/2025,SKV558
THE HOUSE ON HOPE STREET (00),1,26/09/2025,SKV900
BRIGHT DAY DARK NIGHT (00),1,26/09/2025,SA6280
DRAGONHEART: FANTASY (00),1,26/09/2025,SJZ041
MIND TO MIND POD (00),1,26/09/2025,SA6242
MORNING FROST (010),1,26/09/2025,TCN515
PRINCESS POPPY: THE HIDDEN JEWELS (00),1,26/09/2025,SKR785
THE FRANKENSTEIN TEACHER (00),1,26/09/2025,SBB521
THE VIOLINIST'S THUMB (010),1,26/09/2025,SXX901
BEACH MUSIC POD (00),1,26/09/2025,SA8574
SIMPLY IRRISISTIBLE (00),1,26/09/2025,SHF807
GREAT HOUSE (011),1,26/09/2025,SPN536
INTRODUCTION TO ZEN BUDDHISM (00),2,26/09/2025,SHR179
ONCE THEY MOVED LIKE THE WIND 49 (026),1,26/09/2025,TBN869
AGAINST THE CURRENT (00),1,26/09/2025,SKM100
GALAPAGOS AFFAIR THE (00),1,26/09/2025,SA8062
ANATOMY OF HUMAN DESTRUCTIVENESS (00),1,26/09/2025,SA8943
MAEVE BRENNAN (010),1,26/09/2025,STM221
VALLEY OF THE TEMPLARS (008),1,26/09/2025,SQU623
RUNNING AWAY POD (00),1,26/09/2025,SA5548
FOLLOW YOUR HEART (024),1,26/09/2025,SRW679
LETTERS TO FELICE POD (00),1,26/09/2025,SA8950
ALL THINGS MUST PASS ON DEMAND (00),1,26/09/2025,SA7598
FROM ATLANTIS TO THE SPHINX (013),1,26/09/2025,STX670
ME MOIR - VOLUME ONE (00),1,26/09/2025,SKV271
SWAY (014),1,26/09/2025,TDN226
THIS MACHINE KILLS SECRETS (00),1,26/09/2025,SJQ987
MASSIVE (00),1,26/09/2025,SHJ990
LET'S MAKE LOTS OF MONEY (00),1,26/09/2025,SLD405
JIM HENSON (00),1,26/09/2025,SMF696
PRINCESS DAISY (00),1,26/09/2025,SD8937
THE UNMARRIED MOTHER (011),1,26/09/2025,TFU564
BEFORE THE DAWN (003),1,26/09/2025,SLK164
INGE'S WAR (002),1,26/09/2025,SWV873
BY THE CREATOR OF BIG BOYS: CHEER THE,3,26/09/2025,TAJ791
MA I'VE REACHED FOR THE MOON AN I'M HITTIN THE STARS (00),1,26/09/2025,SLF931
IN AT THE DEATH (004),1,26/09/2025,SXQ119
TOBY AND SOX (00),1,26/09/2025,SHR015
WILLIAMS (00),2,26/09/2025,SGZ490
4 STEPS TO LOWER CHOLESTEROL (003),1,26/09/2025,SWU704
DECISION TIME (003),1,26/09/2025,SWU716
SHERLOCK: THE ESSENTIAL ARTHUR CONAN,1,26/09/2025,TDJ819
DOCTOR WHO: TWICE UPON A TIME (00),1,26/09/2025,SLD441
TEN-THIRTY-THREE (00),1,26/09/2025,SJR815
A SEASON IN DORNOCH (00),1,26/09/2025,SMY097
PAINT IT WHITE (00),1,26/09/2025,SHQ760
LETTERS TO A YOUNG ARTIST (00),1,26/09/2025,SJY615
THE LIGHT BEYOND (00),2,26/09/2025,SHR188
NAPOLEON S MASTER (00),1,26/09/2025,SMP495
REMEMBERING RACHEL (02),1,26/09/2025,SFU707
BORN FIGHTING (00),1,26/09/2025,SHQ731
FLOWER READINGS POD (00),1,26/09/2025,SA8209
BOSNIAN CHRONICLE (00),1,26/09/2025,SL9164
TREADING AIR (00),1,26/09/2025,SL9165
TO MOVE THE WORLD (002),3,26/09/2025,SWK975
LOSING THE SIGNAL (002),1,26/09/2025,SQX219
DOCTOR WHO: ONLY HUMAN (012),1,26/09/2025,TCF907
THE BRIDES OF ROLLROCK ISLAND (00),1,26/09/2025,SKQ746
JACQUES TATI (024),1,26/09/2025,TFS593
THE PEARLS OF LUTRA (00),1,26/09/2025,SKQ758
FEEL THE FEAR POWER PLANNER (00),1,26/09/2025,SA5631
LADY BLUE EYES (00),1,26/09/2025,SMF560
DID YOU SPOT THE GORILLA? (021),1,26/09/2025,SYX258
SURVIVAL OF THE FITTEST (021),1,26/09/2025,TBV818
THE LAUNCH PAD (003),1,26/09/2025,SJP365
THE LAUNCH PAD (003),1,26/09/2025,SJP365
WHAT TO LOOK FOR IN WINTER (006),1,26/09/2025,SPK268
VORTEX (009),1,26/09/2025,TAM900
TRISTIMANIA (003),1,26/09/2025,SMS525
FINAL IMPACT (004),1,26/09/2025,SE5884
FINAL IMPACT (004),1,26/09/2025,SE5884
ADAM SMITH (006),1,26/09/2025,SJE299
SANCTUARY (00),1,26/09/2025,SKW779
A GUIDE TO THE BACH FLOWER REMEDIES,1,26/09/2025,SRD996
SWEET GUM (00),1,26/09/2025,SMB338
CELESTINE (026),1,26/09/2025,SXQ051
HOME OF THE GENTRY (033),1,26/09/2025,SLM169
ROGER'S VERSION (010),1,26/09/2025,SVM306
DID YOU SPOT THE GORILLA? (021),2,26/09/2025,SYX258
C.Q.B.  CLOSE QUARTER BATTLE  (025),2,26/09/2025,SYH102
FLORA POETICA (00),1,26/09/2025,SMP482
GOOD WIVES (023),1,26/09/2025,SXQ044
YEATS IS DEAD POD (00),1,26/09/2025,SA6548
THE GREAT NATION: FRANCE FROM LOUIS XV,1,26/09/2025,SLR916
UNDUE INFLUENCE (002),1,26/09/2025,SHT311
SILK DREAM TROUBLED WORLD (00),1,26/09/2025,SGV292
DID YOU SPOT THE GORILLA? (021),1,26/09/2025,SYX258
"KERRY KATONA: TOO MUCH, TOO YOUNG (011)",1,26/09/2025,SZP056
TRANQUILLISATION POD (00),1,26/09/2025,SA9019
OUR GANG (022),1,26/09/2025,TFS181
MYSTICISM AND THE NEW PHYSICS (032),1,26/09/2025,SKU359
THE ELEPHANTA SUITE (006),1,26/09/2025,SBH385
KISS IT BETTER (00),1,26/09/2025,SLK411
ROONEY / THE NICE BLOKE (00),1,26/09/2025,SMM582
HOW TO MAKE BIG MONEY IN YOUR OWN SMALL BUSINESS (00),1,26/09/2025,SMT304
DUKES THE (00),1,26/09/2025,SMS674
BACK IN ACTION (00),1,26/09/2025,SA4882
BORDER CROSSING (037),4,26/09/2025,TDS504